URL,News Title,News Publication Date,News Name,News Language,News Content
https://www.tijd.be/ondernemen/logistiek/huts-boekt-met-katoen-natie-op-een-na-beste-resultaat-ooit/10484224.html,Huts boekt met Katoen Natie op een na beste resultaat ooit ,2023-08-02T14:53:33+02:00,De Tijd,nl,De logistieke reus Katoen Natie van Fernand Huts is er in 2022 in geslaagd de winst veel sterker te doen stijgen dan de omzet. Voor 2023 durft Huts geen prognose te maken wegens de zwakkere economie.
https://www.tijd.be/markten-live/agenda/beleggersagenda-van-donderdag-3-augustus/10482726.html,Beleggersagenda van donderdag 3 augustus,2023-08-02T14:31:03+02:00,De Tijd,nl,"AB InBev en Solvay komen voorbeurs met halfjaarcijfers, Apple en Amazon doen dat nabeurs."
https://www.tijd.be/ondernemen/milieu-energie/energiewaakhond-creg-weigert-voorstel-van-elia-rond-rendement/10484172.html,Energiewaakhond CREG weigert voorstel van Elia rond rendement,2023-08-02T14:30:33+02:00,De Tijd,nl,De energieregulator CREG verzet zich tegen de verhoging van het rendement op eigen vermogen die Elia wenst. De hoogspanningsnetbeheerder had die aangevraagd om toekomstige investeringen te financieren.
https://www.tijd.be/ondernemen/auto/speciale-lakken-en-remklauwen-bezorgen-ferrari-topjaar/10484210.html,Speciale lakken en remklauwen bezorgen Ferrari topjaar,2023-08-02T14:14:44+02:00,De Tijd,nl,"Omdat een Ferrari uit de catalogus voor de meeste klanten niet speciaal genoeg is, kiezen ze massaal voor bijzondere kleuren, aparte remklauwen en gepersonaliseerde bekleding. Het helpt het Italiaanse merk aan recordmarges."
https://www.tijd.be/ondernemen/technologie/pukkelpop-lokt-10-tot-15-jarigen-met-virtueel-festival/10484207.html,Pukkelpop lokt 10- tot 15-jarigen met virtueel festival,2023-08-02T14:06:32+02:00,De Tijd,nl,Het muziekfestival Pukkelpop en het telecombedrijf Proximus lanceren een virtuele versie van het festival op het gameplatform Roblox. Zo willen ze de volgende generatie festivalbezoekers aanspreken.
https://www.tijd.be/ondernemen/telecom/guggenheim-zoekt-koper-voor-datacenters-proximus/10484200.html,Guggenheim zoekt koper voor datacenters Proximus ,2023-08-02T13:40:49+02:00,De Tijd,nl,De zakenbank die een koper moet zoeken voor de datacenters van Proximus is Guggenheim. Dat vernam De Tijd van meerdere bronnen. De zoektocht start naar verluidt nog voor het einde van het jaar.
https://www.tijd.be/cultuur/podiumkunsten/de-klavecinist-als-de-drummer-van-de-jazzband/10484187.html,De klavecinist als de drummer van de jazzband,2023-08-02T12:53:09+02:00,De Tijd,nl,"Een klavecimbel in huis was in de 17de eeuw een statussymbool voor de burgerij. Meer dan 500 jaar later inspireert het klavierinstrument nog altijd jonge muzikanten. Twaalf klavecinisten nemen het tegen elkaar op tijdens het MA Festival in Brugge. De winnaar mag een scherp randje hebben, zeggen festivaldirecteur Jan Van den Borre en juryvoorzitter Korneel Bernolet."
https://www.tijd.be/markten-live/nieuws/algemeen/brussel-roestplekken-op-de-zomerrally/10484181.html,Brussel: roestplekken op de zomerrally,2023-08-02T12:40:19+02:00,De Tijd,nl,"Melexis legt een roestvrij interim-rapport voor. Dat was allerminst het geval voor Aperam, de specialist in de stalenmaterie."
https://www.tijd.be/ondernemen/chemie/kunststoffenreus-ravago-slaat-grote-slag-in-frankrijk/10484174.html,Kunststoffenreus Ravago slaat grote slag in Frankrijk,2023-08-02T12:12:47+02:00,De Tijd,nl,De Kempense kunststoffengroep Ravago heeft haar Franse sectorgenoot Emeraude ingelijfd. Dat zal de al hoge omzet verder opdrijven.
https://www.tijd.be/ondernemen/milieu-energie/energieregulator-gaat-tariefverhoging-elia-weigeren/10484172.html,Energieregulator gaat tariefverhoging Elia weigeren,2023-08-02T11:55:23+02:00,De Tijd,nl,De energieregulator CREG verzet zich tegen de verhoging van het rendement op eigen vermogen die Elia wenst. De hoogspanningsnetbeheerder had die aangevraagd om toekomstige investeringen te financieren.
https://www.tijd.be/sabato/kunst/de-zomer-van-galeriste-en-kunsthandelaar-sofie-van-de-velde/10484168.html,De zomer van galeriste en kunsthandelaar Sofie Van de Velde,2023-08-02T11:35:47+02:00,De Tijd,nl,De gevraagde webpagina bestaat niet (meer) beschikbaar.
https://www.tijd.be/ondernemen/technologie/melexis-verhoogt-winstprognose/10484126.html,Melexis verhoogt winstprognose,2023-08-02T11:29:26+02:00,De Tijd,nl,De Belgische chipontwikkelaar groeide het voorbije kwartaal sneller dan verwacht en trekt de omzet- en winstprognose voor 2023 op.
https://www.tijd.be/dossiers/de-prullenmand-2023/weg-met-purpose/10484160.html,Weg met purpose!,2023-08-02T11:07:27+02:00,De Tijd,nl,"Waarom vinden bedrijven dat zij moeten bepalen waar mensen betekenis uit halen?
In een sterk staaltje hypocrisie nam Blackrock, 's werelds grootste vermogensbeheerder, Armin Nasser op in de raad van bestuur. Nasser is de CEO van Saudi Aramco, 's werelds grootste oliemaatschappij. Toen het even erg in de mode was, profileerde Blackrock zich als een evangelist voor ESG (standaarden voor milieu, maatschappij en goed bestuur). Een van zijn basisprincipes is zich inzetten voor een betere toekomst. Dat betekent dat het bedrijf pleit voor duurzame en verantwoorde investeringen.
Wat gooien we met plezier in de prullenmand? Waar moeten we dringend van af?Onze opiniemakers ontdoen zich deze zomer van wat hen ergert of overbodig lijkt.Soms ernstig, soms niet, maar altijd oprecht.
Niet dat ik omval van verbazing als Blackrock zich op een lijn stelt met de olie-industrie. Duh, wat had je gedacht? Ik ben gewoon de hypocrisie beu, de hypocrisie van bedrijven die zichzelf een hoger maatschappelijk doel aanmeten voor de schone schijn. Purpose moet de commercile activiteiten van een bedrijf maatschappelijk legitiem maken en als het even kan ook zingeving bieden voor werknemers en klanten.
Met commercile activiteiten heb ik geen probleem. Het doel van de meeste bedrijven is winst maken voor de aandeelhouders. Daar is niets mis mee, als het geen schade toebrengt aan de omgeving en andere mensen. En als je winst kan maken met kwaliteit, een product of dienst waarop je trots kan zijn, is dat mooi meegenomen. 'Wij maken uw keuken.' Ik gebruik Donald Muylle vaak in presentaties.
Het probleem begint als organisaties denken dat zij moeten bepalen waar mensen betekenis uit halen.
Artsen zonder Grenzen is een organisatie met een uitgesproken sociale missie. Bijna alle werknemers kunnen zich achter eenzelfde 'purpose' scharen. Maar de meesten werken niet voor zon werkgever. Ze werken voor een bank, een verzekeraar, een farmaceutisch of telecombedrijf.
Ook daar voelen mensen zich thuis en zijn ze trots op hun werk. Maar ze kunnen zelf invullen waarom dat is. Ze hoeven geen voorgekauwd blufdoel om betekenis uit hun werk te halen. Sommige mensen halen energie uit het feit dat ze heel goed zijn in wat ze doen en daarvoor gewaardeerd worden. Voor anderen zijn collegas en vrienden op het werk een reden om naar de werkvloer te komen. Andere mensen halen voldoening uit status, een hoog salaris of snel carrire maken.
Dat is allemaal goed. Het gaat pas fout als consultancybedrijven of banken iedereen eenzelfde kunstmatige purpose willen opleggen. In hun zoektocht naar zon hooggestemd doel gaan CEO's te rade bij marketingjongens. Daar gaat purpose vaak van het padje af.
Neem het merk Hellmann's van Unilever. Hellmann's is mayonaise. Niets meer, niets minder. Het merk heeft al meer dan 100 jaar zijn waarde bewezen als mayonaise bij een slaatje of een broodje. Maar dat is niet langer voldoende. Het nieuwe purpose voor Hellmann's is 'reducing food waste'. Je koopt geen Hellmann's omdat het lekker is. Je doet het om een betere wereld te creren, omdat je dankzij mayonaise restjes opeet en zo voedselverspilling tegengaat. Ik kan er werkelijk niet bij dat Unilever mensen dat soort onzin laat napraten. Is het niet tijd dat iemand zegt dat de keizer geen kleren aanheeft?
Bedrijven zeggen vaak dat de jongste generatie daar om vraagt. De nieuwe generatie Z werkt niet meer voor een loon, maar zoekt vooral een purpose. Zou het niet een klein beetje kunnen dat jonge mensen dat verhaaltje napraten in sollicitatiegesprekken, omdat dat nu eenmaal aantrekkelijker klinkt dan 'ik wil een goed salaris'?
In een onderzoek bij een miljoen afstuderende studenten bleken de drie redenen om een werkgever te kiezen uitzicht op een hoog inkomen later, een uitdagende job en een competitief salaris nu. Flexibel werken en een goede work-lifebalance waren de snelste stijgers. Jonge mensen moeten hun huur betalen en willen een goed leven. Er is een verschil tussen wat mensen zeggen dat ze belangrijk vinden en de levenskeuzes die ze echt maken.
Vandaag leven we in een post-purposewereld. Aanvaard dat mensen zelf zin geven aan hun leven en stop met idiote purposeverhaaltjes op te dringen."
https://www.tijd.be/ondernemen/consumentengoederen/terugval-bordspellen-speelt-cartamundi-parten/10484156.html,Terugval bordspellen speelt Cartamundi parten,2023-08-02T10:32:36+02:00,De Tijd,nl,"De Turnhoutse spellen- en kaartengroep Cartamundi boekte vorig jaar een stevige omzetgroei, maar hogere kosten en een terugloop in de verkoop van bordspellen duwden de winst fors omlaag. De neergang bij de bordspellen zet zich dit jaar verder."
https://www.tijd.be/ondernemen/vastgoed/aantal-vergunningen-voor-nieuwbouw-loopt-fors-terug/10484154.html,Aantal vergunningen voor nieuwbouw loopt fors terug,2023-08-02T10:03:55+02:00,De Tijd,nl,Het aantal verleende vergunningen voor nieuwbouwwoningen in ons land ligt dit jaar aanzienlijk lager dan de voorbije jaren. Na de flats komt ook de geplande bouw van nieuwe gezinswoningen op een lager pitje te staan.
https://www.tijd.be/markten-live/nieuws/algemeen/beurzen-duiken-in-het-rood/10484150.html,Beurzen duiken in het rood,2023-08-02T09:38:26+02:00,De Tijd,nl,Analisten zien in de Amerikaanse ratingknip eerder een aanleiding voor dan een oorzaak van de winstnemingen.
https://www.tijd.be/markten-live/nieuws/algemeen/aedifica-vindt-koper-voor-brusselse-orpea-rusthuizen/10484137.html,Aedifica vindt koper voor Brusselse Orpea-rusthuizen,2023-08-02T08:48:21+02:00,De Tijd,nl,De zorgvastgoedspecialist reduceert in een moeilijk klimaat zijn risicoprofiel: minder schulden en minder Orpea in de portefeuille.
https://www.tijd.be/ondernemen/technologie/melexis-verhoogt-winstprognoses/10484126.html,Melexis verhoogt winstprognoses,2023-08-02T07:24:47+02:00,De Tijd,nl,De Belgische chipontwikkelaar groeide het voorbije kwartaal sneller dan verwacht en trekt de omzet- en winstprognose voor 2023 op.
https://www.tijd.be/sabato/auto/5-bekende-elektrische-rijders-over-hun-e-auto-en-ervaringen/10483940.html,5 bekende elektrische rijders over hun e-auto en -ervaringen,2023-08-02T07:00:15+02:00,De Tijd,nl,"Van VTM NIEUWS-weervrouw Jill Peeters tot econoom en e-pionier Geert Noels: deze vijf bekende gezichten zijn de pioniers van elektrisch rijden in Belgi.
Weervrouw, klimaatexperte en autofanaat Jill Peeters rijdt rond in de elektrische Polestar. En of het VTM NIEUWS-gezicht iets heeft met autos. Al op haar zeventiende behaalde ze haar rijbewijs, en in 2017 reed ze haar eerste elektrische auto de oprit op.
Intussen is ze al aan haar derde exemplaar toe, een Polestar 2. Daarmee karde ze recent naar Oostenrijk. Ik heb het uitgerekend: vergeleken met de prijs aan de pomp kostte het me zowat de helft, aldus Peeters.
Econoom Geert Noels behoort tot de eerste Belgische batterijders; al in 2015 schafte hij zijn eerste elektrische auto aan, een BMW i3. Intussen vullen drie e-autos zijn oprit. De zijne: een BMW iX xDrive40 (2022).
Dat hij al zo lang vasthoudt aan elektrisch rijden, heeft zijn redenen. Zo zijn files minder stressy  je hebt geen last van een daverende motor en je verbruikt niets als je stilstaat , je hebt altijd een excuus om een parkeerplek op te eisen, en je hebt lagere onderhoudskosten. Noels deelt ook een aantal tips om batterij te sparen.
Nu Deliverect-CEO Zhong Xu in New York woont, is hij lid van de Classic Car Club: je betaalt lidgeld en krijgt toegang tot een topcollectie van autos en motorfietsen. Twee van zijn eigen pareltjes zijn zijn oldtimer, een Jaguar E-Type Coup (1964), en zijn jonge volbloed sportwagen, een Aston Martin DB11 (2019).
Ook roadtrips in zijn gitzwarte plug-inhybride, een Volvo XC90 T8 Recharge AWD Ultimate, vindt Xu heerlijk. Goede muziek, het landschap, en rijden maar. Uren aan een stuk. En sneller weg zijn dan een Porsche met verbrandingsmotor, daar geniet hij van.
Zanger Piet Goddaer alias Ozark Henry crost sinds een jaar rond op een gepersonaliseerde Brekr Model B, een elektrische scooter uit Nederland. Met zijn comfortabele e-bedrijfsscooter overbrugde de zanger al tweeduizend kilometer. Een handig, updatevriendelijk en vinnig ding, noemt hij het.
Toch is Goddaer geen motorfietsenmens. Hij kijkt dan ook uit naar zijn eerste elektrische auto. In afwachting rijdt hij nu in een Mini Clubman Cooper S (2021), met veel beenruimte. Het karakter dat de Mini heeft, dat ontbreekt zowat alle e-autos, vindt hij. Ook al zijn ze top qua technologie, een lelijke auto zal hij nooit kopen.
Nadat journaliste en medeoprichtster van de vzw Klimaatzaak Francesca Vanthielen de aankoop van haar eerste elektrische auto, een BMW i3, annuleerde, kocht ze een Hyundai Ioniq (2018). Intussen heeft ze de Hyundai Kona (2019) van haar vriend ingepalmd. Voor haar is het niet meer dan een vervoersmiddel, maar omdat ze er veel tijd in doorbrengt, is ze wel degelijk begaan met de keuze ervan.
Op de Kona heeft ze niets aan te merken, behalve dan de opzichtige kleur  acid yellow  en de inefficinte hoogte. Alles zit erop en alles werkt. En de kosten zijn beperkt: de gebruikskosten komen op zowat de helft van een benzinewagen, haar vriend heeft zonnepanelen, onderhoud is er bijna niet en herstellingen zijn nog niet nodig geweest."
https://www.tijd.be/podcasts/de-7/staatsveiligheid-gaat-perslekken-harder-bestrijden-oliereuzen-gul-voor-beleggers-ondanks-winstdalingen-amerikaanse-vlaming-scoort-met-vr-loopband/10484123.html,Staatsveiligheid gaat perslekken harder bestrijden | Oliereuzen gul voor beleggers ondanks winstdalingen | Amerikaanse Vlaming scoort met VR-loopband,2023-08-02T06:58:19+02:00,De Tijd,nl,"De 7 is een dagelijkse podcast van De Tijd. U krijgt het nieuws dat u nodig heeft om uw dag goed te starten in zeven punten.
Er wordt te veel geheime informatie naar de pers gelekt. Dat vindt de Belgische staatsveiligheid. Die neemtmaatregelen, na een klacht van de moslimexecutieve.
De grote oliebedrijven zien hun kwartaalwinsten meer dan halveren. Toch blijven ze aandeelhouders verwennen metgrote dividenden.
En een Amerikaanse Vlaminghaalt miljoenen op met eenVR-loopband. Stappen, springen, kruipen en spurten naar alle kanten in virtuele realiteit. Gewoon thuis, in je woonkamer.
Presentatie: Roan Van EyckProductie: Job Van Nieuwenhove"
https://www.tijd.be/markten-live/nieuws/algemeen/fitch-ontneemt-verenigde-staten-topkredietscore/10484120.html,Fitch ontneemt Verenigde Staten topkredietscore,2023-08-02T06:23:32+02:00,De Tijd,nl,"Exact twaalf jaar na de collega's van S&P ontneemt een tweede ratingbureau de grootste schuldenaar ter wereld de beste kredietscore, als gevolg van 'de gestage aftakeling in het schuldbeheer'."
https://www.tijd.be/politiek-economie/internationaal/vs/trump-aangeklaagd-in-onderzoek-naar-verkiezingen-2020/10484119.html,Trump aangeklaagd in onderzoek naar verkiezingen 2020,2023-08-02T04:48:31+02:00,De Tijd,nl,"De zaak, de tweede van speciaal federaal aanklager Jack Smith tegen de oud-president, volgt op een grootschalig onderzoek naar de presidentsverkiezingen van 2020 en de daaropvolgende bestorming van het Capitool."
https://www.tijd.be/politiek-economie/belgie/algemeen/staatsveiligheid-moet-halt-toeroepen-aan-lekken-van-geheime-info/10484033.html,Staatsveiligheid moet halt toeroepen aan lekken van geheime info,2023-08-02T01:00:23+02:00,De Tijd,nl,Toezichthouder Comit I pleit voor extra maatregelen na verschillende incidenten rond moskeen en moslims.
https://www.tijd.be/netto/analyse/mobiliteit/tweedehandswagen-is-goedkoper-maar-kan-onvoorziene-kosten-meebrengen/10483433.html,"Tweedehandswagen is goedkoper, maar kan onvoorziene kosten meebrengen",2023-08-02T00:02:15+02:00,De Tijd,nl,"Hoewel de prijzen dit jaar gedrukt werden door aarzelende kopers, zijn tweedehandswagens nog altijd populair. Wat moet u weten bij de aankoop? En zijn leningen en verzekeringen duurder voor een tweedehandswagen?"
https://www.tijd.be/dossiers/nergens-zonder-weg/nergens-zonder-weg-in-oostende/10483942.html,Nergens zonder weg in Oostende,2023-08-01T22:00:37+02:00,De Tijd,nl,Verdwalend in eigen land kijkt Rik Van Puymbroeck naar wat verwondert en soms overdondert.
https://www.tijd.be/ondernemen/voeding-drank/amerikaanse-rivaal-ab-inbev-boomt-na-transgenderrel/10484115.html,Amerikaanse rivaal AB InBev boomt na transgenderrel,2023-08-01T21:59:51+02:00,De Tijd,nl,"Terwijl AB InBev in de VS al maanden lijdt onder een boycot, groeit rivaal Molson Coors met 12 procent. Het bedrijf verhoogt zijn winstverwachting voor het hele jaar."
https://www.tijd.be/markten-live/nieuws/aandelen-buitenlandse-beurzen/wall-street-caterpillar-op-eenzame-hoogte/10484103.html,Wall Street: Caterpillar op eenzame hoogte,2023-08-01T21:42:31+02:00,De Tijd,nl,De Amerikaanse beursindexen waagden zich putje zomer niet te ver van huis. De machinebouwer Caterpillar werd voor zijn sterke halfjaarupdate beloond met een piekende beurskoers.
https://www.tijd.be/ondernemen/technologie/google-deepmind-boekt-vooruitgang-met-zelf-redenerende-robot/10484100.html,Google DeepMind boekt vooruitgang met zelf redenerende robot,2023-08-01T21:30:30+02:00,De Tijd,nl,"Google DeepMind, de AI-divisie van Alphabet, heeft een model ontwikkeld waarbij robotten nieuwe taken uitvoeren zonder daar specifiek te zijn op getraind."
https://www.tijd.be/ondernemen/bouw/spaanse-aluminiumgroep-aast-op-franse-restant-van-flandria-bromfietsen/10484053.html,Spaanse aluminiumgroep aast op Franse restant van Flandria-bromfietsen,2023-08-01T20:31:50+02:00,De Tijd,nl,Een Galicische groep staat dicht bij de overname van de bouwmaterialenfabrikant Flandria Aluminium. Dat Franse bedrijf net over de Belgische grens stamt af van het beroemde aluminium- en (brom)fietsenimperium van de familie Claeys.
https://www.tijd.be/ondernemen/durfkapitaal/zoon-van-steve-jobs-wordt-durfkapitalist-in-strijd-tegen-kanker/10484043.html,Zoon van Steve Jobs wordt durfkapitalist in strijd tegen kanker,2023-08-01T20:31:14+02:00,De Tijd,nl,"Reed Jobs, de zoon van Apple-medestichter Steve Jobs, begint een durfkapitaalbedrijf. Dat legt zich toe op investeringen in nieuwe kankerbehandelingen. Dat meldt The New York Times."
https://www.tijd.be/ondernemen/horeca/een-topchef-moet-niet-alleen-kunnen-koken/10484038.html,Een topchef moet niet alleen kunnen koken,2023-08-01T19:56:20+02:00,De Tijd,nl,"De vervolging van topchef Willem Hiele legt de problematische werkcultuur in sommige topkeukens bloot, die in de greep zijn van een zoektocht naar winstgevendheid en personeel."
https://www.tijd.be/politiek-economie/belgie/vlaanderen/grote-twijfel-of-stikstofdecreet-juridisch-waterdicht-te-krijgen-is/10484035.html,Grote twijfel of stikstofdecreet juridisch waterdicht te krijgen is ,2023-08-01T19:20:06+02:00,De Tijd,nl,Net als in de Vlaamse regering is onder wetenschappers en juristen discussie over hoe het stikstofdecreet robuust te maken. Door de techniciteit van het dossier dreigt ook de Raad van State niet de gehoopte klaarheid te brengen.
https://www.tijd.be/markten-live/nieuws/aandelen-buitenlandse-beurzen/booking-com-is-opnieuw-een-cashmachine/10484034.html,Booking.com is opnieuw een cashmachine,2023-08-01T18:54:56+02:00,De Tijd,nl,Het grootste onlinereisbureau ter wereld presenteert donderdag zijn halfjaarcijfers. Na enkele moeilijke coronajaren rekenen beleggers op een recordomzet.
https://www.tijd.be/markten-live/nieuws/aandelen-brussel/euronext-brussel-groupe-bruxelles-laggard/10483936.html,Euronext Brussel: Groupe Bruxelles Laggard,2023-08-01T17:45:29+02:00,De Tijd,nl,De beurzen sloten in het rood. GBL won terrein ondanks een daling van de nettoactiefwaarde. Galapagos kreeg een zetje van KBC Securities.
https://www.tijd.be/ondernemen/milieu-energie/big-oil-blijft-gul-voor-aandeelhouders-na-forse-winstdaling/10484026.html,Big oil blijft gul voor aandeelhouders na forse winstdaling,2023-08-01T17:45:28+02:00,De Tijd,nl,De grootste westerse oliebedrijven zagen hun kwartaalwinst meer dan halveren tegenover de monsterwinsten een jaar geleden. Toch blijft de cash gul naar de aandeelhouders stromen.
https://www.tijd.be/politiek-economie/europa/algemeen/kan-verdere-federalisering-politieke-impasse-in-spanje-voorkomen/10484024.html,Kan verdere federalisering politieke impasse in Spanje voorkomen?,2023-08-01T17:45:21+02:00,De Tijd,nl,In Spanje speuren de leiders van links en rechts naar partners om een politieke impasse te vermijden. De socialisten van premier Pedro Snchez bekijken of verdere federalisering de Baskische en Catalaanse nationalisten tot steun kan verleiden.
https://www.tijd.be/opinie/commentaar/moedig-wel-naief-niet/10484022.html,"Moedig wel, naÃ¯ef niet",2023-08-01T17:41:47+02:00,De Tijd,nl,"algemeen hoofdredacteur
De prijs die Europa betaalt door voorop te lopen in de klimaattransitie, is hoog. Tot waar zijn we bereid te gaan?
Het dossier Ineos veroorzaakt niet alleen reuring in Vlaanderen. Het wordt met argusogen bekeken in heel industrieel Europa. 'De vernietiging van de vergunning voor Ineos gaat door merg en been. Ze roept grote vragen op over de rechtszekerheid, alle grote bedrijven spreken daarover', zegt deEuropese topman van ArcelorMittal, Geert Van Poelvoorde, in een interview met De Tijd.
In de vernietiging van een al verkregen vergunning voor een ethaankraker van Ineos door de Raad voor Vergunningsbetwistingen liet een rechter weinig heel van het werk van de Vlaamse regering. Het besluit van minister van Omgeving Zuhal Demir - door te verwijzen naar stikstofdrempels uit de ministerile instructie - dat geen significante milieueffecten zouden optreden, was volgens hem 'routinematig en achteloos' genomen. Dat haalt het hele stikstofkader in Vlaanderen onderuit. De Vlaamse regering engageerde zich vorige week tegenover Ineos dat ze dat complexe dossier in enkele maanden rechtgetrokken krijgt. Het is de vraag hoe ze dat gaat doen.
Van Poelvoorde bestempelt het geval-Ineos terecht als niet minder dan 'een catastrofe', niet alleen voor het bedrijf zelf, maar ook voor Vlaanderen als economische regio. Daarbij is de juridische onbesuisdheid en het 'routinematig en achteloze' optreden van minister Demir n ding.
Een ander ding is het groene kader dat Europa oplegt aan zijn lidstaten en dat Vlaanderen als dichtbevolkte regio, met een stevige industrie rond de havens en een intensieve agro-industrie, als een van de hardste treft. Fundamenteel zit de hele Europese industrie daarmee in een wankel schuitje.
Het is een politieke keuze van Europa, met de afscheidnemende commissaris Frans Timmermans op kop, om voorop te lopen in de klimaatstrijd. De Green deal, meer koolstoftaksen, de introductie van een milieunorm in de internationale handel, de aankomende natuurherstelwet... Dat Europa de klimaatforcing voert, is principieel een moedige keuze. De strijd is vitaal voor onze planeet, voor onze kinderen en kleinkinderen. Dat Europese bedrijven door de Europese klimaatverplichtingen die nergens zo streng zijn de klimaatomslag sneller moeten maken, willen we ook nog verdedigen.
Maar we moeten niet naef zijn. Er zullen van bedrijven n van burgers enorme inspanningen worden gevraagd, die samen gaan met een hoge prijs. We moeten er ons goed van bewust zijn dat de keuze voor minder stikstof en minder CO2 Europa voor een stuk zal de-industrialiseren. Industrie die intussen elders, op diezelfde planeet, wordt uitgebouwd met minder dwingende klimaateisen.
Dat zet de noodzaak aan wereldwijde bindende afspraken op de volgende klimaattop nog maar eens op scherp. Maar ook aan doordachte wetgeving op Europees en op Vlaams niveau. Als de Europese industrie en landbouwbedrijven enorme klimaatinspanningen moeten leveren, hebben ze recht op een geleidelijk, consequent en doordacht juridisch en wetgevend kader. Al te vaak is dat niet het geval."
https://www.tijd.be/ondernemen/farma-biotech/pfizer-lijdt-onder-dalende-verkoop-covidproducten/10484017.html,Pfizer lijdt onder dalende verkoop covidproducten,2023-08-01T17:21:20+02:00,De Tijd,nl,"Het einde van de pandemie doet Pfizer pijn. De Amerikaanse farmareus kampt met tegenvallende verkopen van zijn covidproducten. Als de trend niet keert, overweegt het concern kostenbesparingen."
https://www.tijd.be/dossiers/de-prullenmand-2023/weg-met-piraterij-in-rusthuizen/10484012.html,Weg met piraterij in rusthuizen,2023-08-01T17:02:57+02:00,De Tijd,nl,De kwaliteit van de ouderenzorg is vaak ondermaats. Dat bleek nogmaals met de Triamant-affaire.
https://www.tijd.be/politiek-economie/internationaal/afrika/west-afrikaanse-junta-s-steunen-staatsgreep-niger/10484010.html,West-Afrikaanse junta's steunen staatsgreep Niger,2023-08-01T17:00:58+02:00,De Tijd,nl,"De staatsgreep in Niger dreigt uit te dijen in West-Afrika. De junta krijgt de steun van de militaire regimes van buurlanden Mali en Burkina Faso, die zich verzetten tegen een militaire interventie."
https://www.tijd.be/dossiers/de-tijdcapsule/ritchie-ceo-jan-verlinden-ik-ben-een-chill-persoon/10483983.html,Ritchie-CEO Jan Verlinden: 'Ik ben een chill persoon',2023-08-01T17:00:15+02:00,De Tijd,nl,"Na een carrire als topmarketeer voor Pepsi en Lucky Strike gooide Jan Verlinden zijn leven in 2016 over een andere boeg. Hij gaf de Ritchie-limonades van zijn grootvader een nieuw leven. Deze week neemt hij plaats in De Tijdcapsule en vertelt hij over zijn verleden, tegenwoordige, toekomstige en oneindige tijd."
https://www.tijd.be/dossiers/de-verdieping/betalingen-doen-kassa-rinkelen-voor-booking/10484003.html,Betalingen doen kassa rinkelen voor Booking,2023-08-01T16:48:56+02:00,De Tijd,nl,"Booking.com leverde lang alleen maar gasten aan bij hotels en vakantiehuizen, maar wilde meer. Het bouwde daarom een betaalplatform waar miljarden aan transacties passeren. Onderhoud daaraan bracht vorige maand verhuurders in de knel."
https://www.tijd.be/politiek-economie/belgie/vlaanderen/nieuw-parkeerbeleid-in-antwerpen-is-de-boete-goedkoper-dan-de-vergunning-die-afweging-wordt-het/10484000.html,Nieuw parkeerbeleid in Antwerpen: 'Is de boete goedkoper dan de vergunning? Die afweging wordt het',2023-08-01T16:42:48+02:00,De Tijd,nl,"Bovengronds parkeren in de Antwerpse binnenstad is vanaf nu voorbehouden voor bewoners. Er klinkt protest bij handelaars, maar het is wachten op de effectieve impact. 'Het gaat om perceptie. Als mensen denken dat ze met de auto niet meer in Antwerpen geraken, hebben we een probleem.'"
https://www.tijd.be/ondernemen/technologie/taxiapp-uber-verrast-met-onverwachte-kwartaalwinst/10483978.html,Taxiapp Uber verrast met onverwachte kwartaalwinst,2023-08-01T16:25:05+02:00,De Tijd,nl,Dankzij een recordaantal ritten knoopt Uber voor het eerst aan met operationele winst. Het is een mijlpaal op het pad naar structurele winstgevendheid van de taxiapp.
https://www.tijd.be/markten-live/nieuws/aandelen-buitenlandse-beurzen/ai-gebruikers-winnen-op-de-beurs/10483997.html,AI-gebruikers winnen op de beurs,2023-08-01T16:21:44+02:00,De Tijd,nl,De bekendste winnaars van AI zijn techmastodonten die computerkracht en grote taalmodellen aanbieden. Maar ook de gebruikers van die diensten schieten hoger omdat ze daarmee slimme software kunnen maken. 'Palantir is een grote speler in de AI-revolutie van de komende tien jaar.'
https://www.tijd.be/dossiers/m-v-van-de-dag/junta-geeft-gedeeltelijke-gratie-aan-aung-san-suu-kyi/10483993.html,Junta geeft gedeeltelijke gratie aan Aung San Suu Kyi,2023-08-01T16:15:36+02:00,De Tijd,nl,De junta van Myanmar schenkt verrassend gedeeltelijk gratie aan de gewezen democratische leidster en Nobelprijswinnares Aung San Kuu Kyi. Maar dat leidt niet onmiddellijk tot een vrijlating.
https://www.tijd.be/ondernemen/technologie/meta-werkt-aan-ai-chatbots-met-eigen-persoonlijkheid/10483991.html,Meta werkt aan AI-chatbots met eigen persoonlijkheid ,2023-08-01T16:11:40+02:00,De Tijd,nl,"Meta Platforms, het bedrijf achter Facebook, Instagram en WhatsApp, gaat chatbots lanceren met diverse persoonlijkheden. Het project zou in september van start gaan en moet het bedrijf een schat aan persoonlijke gegevens opleveren, bericht Financial Times."
https://www.tijd.be/ondernemen/technologie/twitter-opvolger-x-dient-klacht-in-tegen-antihaatplatform/10483990.html,Twitter-opvolger X dient klacht in tegen antihaatplatform,2023-08-01T15:57:16+02:00,De Tijd,nl,"X, het voormalige Twitter, sleept een antihaatorganisatie voor de rechter omdat die de vrije meningsuiting op het socialemediaplatform zou dwarsbomen."
https://www.tijd.be/ondernemen/auto/beleggers-schrikken-van-duurdere-elektrificatie-bij-bmw/10483988.html,Beleggers schrikken van duurdere elektrificatie bij BMW,2023-08-01T15:53:55+02:00,De Tijd,nl,Ondanks een verhoging van de winstverwachtingen moest BMW op de beurs van Frankfurt bijna 6 procent prijsgeven. Beleggers schrikken van de hoger dan verwachte kosten in de tweede jaarhelft.
https://www.tijd.be/opinie/column/belgie-heeft-nood-aan-een-echt-industrieel-beleid/10483979.html,BelgiÃ« heeft nood aan een echt industrieel beleid,2023-08-01T15:52:14+02:00,De Tijd,nl,De industrie is een cruciale motor voor onze welvaartscreatie.
https://www.tijd.be/politiek-economie/europa/algemeen/katholiek-tomorrowland/10483980.html,Katholiek Tomorrowland,2023-08-01T14:57:22+02:00,De Tijd,nl,"Paus Franciscus landt woensdag in de Portugese hoofdstad Lissabon voor de Wereldjongerendagen, een katholiek festival. Portugal is een van de gelovigste landen in Europa, maar de kerk kampt er met schandalen rond kindermisbruik."
https://www.tijd.be/ondernemen/technologie/taxi-app-uber-verrast-met-onverwachte-kwartaalwinst/10483978.html,Taxi-app Uber verrast met onverwachte kwartaalwinst,2023-08-01T14:47:43+02:00,De Tijd,nl,Dankzij een recordaantal ritten knoopt Uber voor het eerst aan met operationele winst. Het is een mijlpaal op het pad naar structurele winstgevendheid van de taxiapp.
https://www.tijd.be/markten-live/agenda/beleggersagenda-van-woensdag-2-augustus/10482724.html,Beleggersagenda van woensdag 2 augustus,2023-08-01T14:30:41+02:00,De Tijd,nl,Voorbeurs komen met Aedifica en Melexis twee Bel20-bedrijven met resultaten op de proppen.
https://www.tijd.be/ondernemen/zware-industrie/ceo-arcelormittal-als-europese-industrie-krimpt-zal-ook-onze-welvaart-krimpen/10483964.html,"CEO ArcelorMittal: âAls Europese industrie krimpt, zal ook onze welvaart krimpenâ",2023-08-01T13:47:15+02:00,De Tijd,nl,"Onze landgenoot Geert Van Poelvoorde, de CEO van ArcelorMittal Europe, runt met vier Belgische staalfabrieken s lands grootste stikstofuitstoter. Hij ziet het Ineos-arrest als een wake-upcall. De-industrialisering is de prijs die Europa betaalt om de voorloper te zijn in de strijd tegen de klimaatverandering."
https://www.tijd.be/ondernemen/technologie/belgische-texaan-jan-goetgeluk-rondt-crowdfunding-af-voor-vr-loopband/10483939.html,Belgische Texaan Jan Goetgeluk rondt crowdfunding af voor VR-loopband,2023-08-01T12:06:25+02:00,De Tijd,nl,"Virtuix, de VR-loopbandenmaker van de Texaanse Belg Jan Goetgeluk, staat op het punt 5 miljoen dollar op te halen. Het bedrijf trekt ook een durfkapitalist aan voor de raad van bestuur."
https://www.tijd.be/markten-live/nieuws/aandelen-brussel/groupe-bruxelles-laggerd/10483936.html,Groupe Bruxelles Laggerd,2023-08-01T11:50:24+02:00,De Tijd,nl,De beurzen sloten in het rood. GBL won terrein ondanks een daling van de nettoactiefwaarde. Galapagos kreeg een zetje van KBC Securities.
https://www.tijd.be/ondernemen/toerisme/overnachtende-bezoekers-bezorgen-pairi-daiza-recordcijfers/10483930.html,Overnachtende bezoekers bezorgen Pairi Daiza recordcijfers,2023-08-01T10:45:23+02:00,De Tijd,nl,"Pairi Daiza heeft in 2022-2023 een recordomzet van 105 miljoen euro geboekt dankzij een hoger aantal bezoekers, die massaal de weg vonden naar de hotels in het park. Het Waalse dierenpark keert bijna 6 miljoen euro dividend uit, onder meer aan Marc Coucke (30%)."
https://www.tijd.be/politiek-economie/internationaal/azie/aung-san-suu-kyi-krijgt-gedeeltelijke-gratie-in-myanmar/10483926.html,Aung San Suu Kyi krijgt gedeeltelijke gratie in Myanmar,2023-08-01T09:40:56+02:00,De Tijd,nl,Aung San Suu Kyi heeft gedeeltelijk gratie gekregen. Dat melden Myanmarese staatsmedia. De afgezette regeringsleider van Myanmar zal wellicht nog niet volledig vrijkomen.
https://www.tijd.be/politiek-economie/europa/economie/adieu-kasticket-frankrijk-verbiedt-papieren-kassabon/10483925.html,Adieu kasticket: Frankrijk verbiedt papieren kassabon,2023-08-01T09:33:29+02:00,De Tijd,nl,In Frankrijk wordt een kassabon voortaan niet meer systematisch afgedrukt. Klanten moeten uitdrukkelijk vragen naar een geprinte bon.
https://www.tijd.be/ondernemen/ict/unifiedpost-verkoopt-twee-dochters-voor-7-miljoen-euro/10483921.html,Unifiedpost verkoopt twee dochters voor 7 miljoen euro,2023-08-01T09:17:49+02:00,De Tijd,nl,Na een reeks overnames zet de specialist in digitale facturatie uit Waals-Brabant nu het mes in zijn divisies.
https://www.tijd.be/markten-live/nieuws/algemeen/zachte-landing-beleggers-verrekenen-geen-landing/10483900.html,'Zachte landing? Beleggers verrekenen gÃ©Ã©n landing',2023-08-01T07:46:22+02:00,De Tijd,nl,"Beleggers rekenen zich iets te snel rijk met de verwachting van aanhoudende groei n centraal bankiers die in de rente beginnen te knippen, stelt JPMorgan-strateeg Marko Kolanovic."
https://www.tijd.be/sabato/interieur/de-wereld-rond-in-5-binnenkijkers-van-de-alpen-tot-in-l-a/10483731.html,De wereld rond in 5 binnenkijkers | Van de Alpen tot in L.A.,2023-08-01T07:00:22+02:00,De Tijd,nl,"Van een spectaculaire full-optionvilla in L.A. tot een afgelegen berghut in de Alpen. Deze vijf opvallende interieurs kleurden de eerste jaarhelft op sabato.be.
Een paar honderd euro en een naaimachine. Meer had Laurence Leenaert niet mee toen ze acht jaar geleden Gent inruilde voor Marrakech. Daar runt ze samen met haar man het wereldberoemde lifestylemerk LRNCE. Van keramiek over sandalen tot stoelen en bedlinnen: al haar kleurrijke designs zijn lokaal vakmanschap.
Zopas verhuisden ze samen naar een penthouse van 160 vierkante meter in Guliz, de hipste wijk van Marrakech. Veel natuurlijk licht, flashy deco en een bonte verzameling aan reisherinneringen en meubels maken van het appartement een parel om in te wonen.
De spectaculaire full-optionvilla in L.A. van serial entrepreneur Ori Bytton is van de hand van de Antwerpse architect Dieter Vander Velpen. Samen met de wereldberoemde youtuber Enes Yilmazer filmde de Antwerpenaar een uitgebreide house tour.
Meer dan een halfuur lang leiden ze je langs onder meer het terras met infinitypool en oceaanzicht, de pool patio, de main kitchen n de chefs kitchen, de ondergrondse garage met Lamborghini Huracn Performante en Rolls-Royce Corniche, en de cinemazaal.
De Rifugio Val di Togno is de meest afgelegen berghut van de Italiaanse Alpen. Pas na een vlucht, een rit met de shuttlebus, een treinrit en een tocht in de 4x4 zie je de refuge in de verte opdoemen. De slogan van de uitbaters klopt als een bus: We offer you nothing, so you can get away from everything.
Veel meer dan wandelen, goed eten en genieten valt er niet te doen. En dat idee konden Paolo Cognetti, de auteur van de bestseller De Acht Bergen, en Felix Van Groeningen en Charlotte Vandermeersch, de regisseurs van de gelijknamige film, wel smaken. Zij kwamen vorig jaar enkele dagen op bezoek.
Artur Tadevosian en Florence Cools zijn de oprichters van het slow-fashionlabel La Collection: tijdloze silhouetten die jarenlang meegaan en gemaakt zijn in duurzame, hoogwaardige materialen. In hun boetiek koop je niet alleen kleren; ze delen er alles wat hen inspireert, van kunst tot muziek, design en duurzame mode.
In het perfect gecureerde interieur van hun art-nouveauparel in Antwerpen houden klassieke architectuurdetails, vintage meubilair en hedendaagse kunst elkaar in evenwicht. De muren verfden ze wit, als canvas voor hun privkunstcollectie. Daarin blinkt het werk van opkomende artiesten met een tactiele, minimalistische esthetiek.
De Britse toparchitect Sir David Chipperfield kreeg begin maart de Pritzker Prize, de hoogste bekroning als architect. In het Spaanse kustdorpje Corrubedo begon hij in 1996 aan zijn droomvakantievilla te bouwen, goed voor 210 vierkante meter bewoonbare oppervlakte.
Het gevelbrede schuifraam geeft je een directe toegang tot het strand. Dat en de minieme afstand tot de oceaan, maken dat je je op een boot waant. De woning is opgebouwd rond eenvoudige huiselijke rituelen zoals ontbijten, een boek lezen of koken. De architectuur faciliteert dat allemaal, zonder zelf de aandacht te trekken."
https://www.tijd.be/podcasts/de-7/ineos-wil-vergunning-ethaankraker-al-binnen-4-maanden-de-belgische-positie-in-niger-na-de-coup-air-belgium-verchineest-verder/10483895.html,Ineos wil vergunning ethaankraker al binnen 4 maanden | De Belgische positie in Niger na de coup | Air Belgium 'verchineest' verder,2023-08-01T06:50:29+02:00,De Tijd,nl,"De 7 is een dagelijkse podcast van De Tijd. U krijgt het nieuws dat u nodig heeft om uw dag goed te starten in zeven punten.
Er komt opnieuwmeer druk op de Vlaamse stikstofgesprekken. Ineos wilal binnen vier maandeneen vergunning voor de geplande ethaankraker in Antwerpen.
De spanningen nemen toe in Niger, na de staatsgreep vorige week. Moeten we vrezen voor een gewapend conflict?En welke positie neemt Belgi daar eigenlijk in?
En het is volop resultatenseizoen. Er valt heel wat nieuws te sprokkelen uit de rapporten vanColruyt,UberenAir Belgium.
Productie en presentatie: Roan Van Eyck"
https://www.tijd.be/ondernemen/luchtvaart/tweede-chinese-aandeelhouder-op-komst-bij-air-belgium/10483796.html,Tweede Chinese aandeelhouder op komst bij Air Belgium,2023-08-01T01:20:25+02:00,De Tijd,nl,Een Chinese investeerder heeft een bindend bod uitgebracht op 49 procent van Air Belgium. Dat vernam De Tijd. De fors verlieslatende luchtvaartmaatschappij kan het vers geld goed gebruiken.
https://www.tijd.be/politiek-economie/belgie/vlaanderen/ineos-wil-binnen-vier-maanden-nieuwe-vergunning-voor-ethaankraker/10483847.html,Ineos wil binnen vier maanden nieuwe vergunning voor ethaankraker ,2023-08-01T01:00:33+02:00,De Tijd,nl,"Ineos-topman Jim Ratcliffe hoopt dat de Vlaamse regering ten laatste over vier maanden een nieuwe omgevingsvergunning aflevert voor een ethaankraker in de haven van Antwerpen, klinkt het in kringen van de regering en het bedrijf. Nu de Belgische banken door de vergunningsperikelen voorlopig hun leningen niet uitbetalen, vreest hij voor liquiditeitsproblemen."
https://www.tijd.be/netto/analyse/vastgoed/voorkom-dat-uw-buitenlandse-huizenjacht-een-nachtmerrie-wordt/10476362.html,Voorkom dat uw buitenlandse huizenjacht een nachtmerrie wordt,2023-08-01T00:05:14+02:00,De Tijd,nl,"Vindt u tijdens de zomer dat gedroomde huis of appartement in het buitenland? In de roes van de vakantiesfeer moet u ook rationele afwegingen maken, al mag dat bij een goed glas wijn."
https://www.tijd.be/markten-live/analyse/hoe-kan-je-online-aantrekkelijke-obligaties-kopen/10483100.html,Hoe kan je online aantrekkelijke obligaties kopen?,2023-08-01T00:02:13+02:00,De Tijd,nl,Meer en meer beleggers kijken naar obligaties omdat de rentes almaar hoger trekken. Met een simpele muisklik een obligatie bestellen is spijtig genoeg niet zo eenvoudig zoals we dat gewoon zijn bij aandelen. Hoog tijd voor een handleiding.
https://www.tijd.be/markten-live/nieuws/aandelen-buitenlandse-beurzen/palantir-sluit-10-procent-hoger-door-ai-boost-op-wall-street/10483776.html,Palantir sluit 10 procent hoger door AI-boost op Wall Street,2023-07-31T22:11:10+02:00,De Tijd,nl,"De Amerikaanse beurzen veerden maandag op. Palantir steeg stevig voor de tweede dag op rij na een ronkend koopadvies van Wedbush. 'Het kan een grote speler in de AI-revolutie worden.'
Het zonnetje scheen op de New Yorkse beurzen, maar wel wat minder hard dan vorige week. De Dow Jonessloot met een plus van 0,3 procent terwijl de techbeurs Nasdaq0,2 procent bijschreef.
Een beperkende factor in het beursoptimisme was Japan. Het land van de rijzende zon zag de tienjaarsrente maandagochtend tot het hoogste niveau - 0,6 procent - in negen jaar klimmen. Daardoor zag deJapanse centrale bank zich genoodzaakt in te grijpen met een verrassingsaankoop van staatsobligaties. De onrust op een grote markt als Japan weegt daarom ook in de VS wat op de risicoappetijt.
Daarnaast blijven de zorgen over de economie. 'De markt vraagt zich af of de Amerikaanse economie een zachte landing zal maken', zegt Vivek Paul van BlackRock. 'De economische cijfers moeten uitwijzen of de snelle daling van de inflatie een bredere trend is of dat die volatiel blijft.'
Het Amerikaanse banenrapport wordt vrijdag gepubliceerd. Dan weten we of de krappe arbeidsmarkt afkoelt. Als dat zo is, is dat gunstig voor de inflatievooruitzichten.
Palantirkreeg voor de tweede dag op rij een AI-impuls van 11 procent. De techonderneming - die zijn naam dankt aan de wonderlijke voorspellingsballen uit de boeken van J.R.R. Tolkien(zie foto)- is stevig in trek nadat Wedbush zijn opvolging begonnen is met een koopadvies en koersdoel van 25 dollar. Reden: de defensiespecialist verandert in een echte AI-speler.
'Palantir is een grote speler in de AI-revolutie van de komende tien jaar', klinkt het bij analist Daniel Ives va Wedbush. Het bedrijf heeft daarnaast 'een stevige slotgracht met AI' zodat het sterk vooroploopt op concurrenten. 'Palantir heeft een unieke kans om een significant marktaandeel te krijgen in een markt van 800 miljard dollar.'
Als u zelf eens wilt zien hoe Palantir bijvoorbeeld op het slagveld het verschil probeert te maken dan moet u de bijgevideo links zien. Daarin is te zien hoe men een melding krijgt van een vijandelijke opmars in Oost-Europa. Vervolgens kan door middel van een chatbot meer informatie ingewonnen worden (door bijvoorbeeld een videodrone te laten opstijgen) en kan zelfs een eliminatiestrategie bedacht worden.
Het AI-optimisme duwde Palantir sinds het rapport van Wedbush al ruim 20 procent hoger tot 19,40 dollar. Sinds begin dit jaar bedraagt de winst liefst 202 procent. Het aandeel is daarmee wel duur, aangezien de koerswinstverhouding - zelfs gerekend met de verwachte winst per aandeel in 2026 (0,40 dollar) - bijna 50 bedraagt. Voor het gemiddelde bedrijf in de S&P500 is dat cijfer 24.
Een ander AI-bedrijf dat een spurtje trok, was Adobemet een koerswinst van 3,3 procent. Morgan Stanley-analist Keith Weiss ziet voor de maker van creatieve software nog eens 25 procent opwaarts potentieel met een koersdoel van 660 dollar. 'Meer duidelijkheid over AI-producten en de manier waarop het daaraan geld aan wil verdienen versterken onze overtuiging dat de organische groei opnieuw een impuls krijgt.'
Volgens Weiss kan de jaarlijkse groei van de winst per aandeel in de komende drie jaar meerdere tientallen procenten bedragen. Sinds het bedrijf eind mei beleggers een glimp liet zien van de AI-toepassingen die het heeft, steeg het aandeel met 30 procent."
https://www.tijd.be/dossiers/nergens-zonder-weg/nergens-zonder-weg-in-meensel-kiezegem/10483713.html,Nergens zonder weg in Meensel-Kiezegem,2023-07-31T22:00:14+02:00,De Tijd,nl,Verdwalend in eigen land kijkt Rik Van Puymbroeck naar wat verwondert en soms overdondert.
https://www.tijd.be/ondernemen/entertainment/recordcijfers-zetten-spot-op-monopolie-amusementsreus-live-nation/10483850.html,Recordcijfers zetten spot op monopolie amusementsreus Live Nation,2023-07-31T21:25:59+02:00,De Tijd,nl,"De entertainmentreus Live Nation, eigenaar van Rock Werchter, heeft er een recordkwartaal op zitten. De cijfers vallen samen met gerechtelijke en politieke druk dat de multinational door zijn mondiale dominantie de markt zou verstoren."
https://www.tijd.be/ondernemen/technologie/britse-waakhond-beslist-eind-augustus-over-microsoft-deal/10483830.html,Britse waakhond beslist eind augustus over Microsoft-deal,2023-07-31T20:49:28+02:00,De Tijd,nl,Tegen eind augustus wil de Britse concurrentiewaakhond CMA een definitieve beslissing nemen over de overname van gamespecialist Activision door Microsoft.
https://www.tijd.be/politiek-economie/belgie/economie/belgie-heeft-laagste-inflatie-van-eurozone/10483811.html,BelgiÃ« heeft laagste inflatie van eurozone,2023-07-31T19:51:26+02:00,De Tijd,nl,De energieprijzen dalen in Belgi sneller dan in andere Europese landen en energie heeft in ons land een groter gewicht in de indexkorf. Daardoor ligt de inflatie in ons land nu lager dan in de rest van de eurozone.
https://www.tijd.be/markten-live/nieuws/aandelen-brussel/gbl-de-markt-zit-er-naast/10483808.html,GBL: 'De markt zit er naast' ,2023-07-31T19:40:45+02:00,De Tijd,nl,"De holding GBL noteert tegen een korting van 40 procent op de nettoactiefwaarde. 'Het verstandigste wat we nu kunnen doen, is extra eigen aandelen inkopen', zegt topman Ian Gallienne."
https://www.tijd.be/cultuur/gastronomie/parket-wil-sterrenchef-willem-hiele-voor-de-rechter/10483804.html,Parket wil sterrenchef Willem Hiele voor de rechter,2023-07-31T19:20:40+02:00,De Tijd,nl,Het parket van Brugge wil topchef Willem Hiele voor de correctionele rechtbank brengen wegens slagen en verwondingen met arbeidsongeschiktheid tot gevolg.
https://www.tijd.be/politiek-economie/internationaal/afrika/belgische-hulp-aan-niger-voorlopig-niet-opgeschort/10483803.html,Belgische hulp aan Niger voorlopig niet opgeschort,2023-07-31T19:01:36+02:00,De Tijd,nl,Ondanks de staatsgreep in Niger schort Belgi de rechtstreekse ontwikkelingssteun aan het West-Afrikaanse land voorlopig niet op. Maar de toestand wordt op de voet gevolgd. Andere landen hebben wel al hun hulp ingetrokken.
https://www.tijd.be/opinie/commentaar/inflatie-ebt-weg-kwalijke-gevolgen-blijven/10483799.html,"Inflatie ebt weg, kwalijke gevolgen blijven",2023-07-31T18:47:20+02:00,De Tijd,nl,"Nu de inflatie afkoelt, moet worden nagedacht over hoe de kwalijke effecten van toekomstige hoge inflatie beter ingedijkt kunnen worden."
https://www.tijd.be/markten-live/analyse/kazuo-ueda-veroorzaakt-stijlbreuk-bij-japanse-centrale-bank/10483798.html,Kazuo Ueda veroorzaakt stijlbreuk bij Japanse centrale bank,2023-07-31T18:43:32+02:00,De Tijd,nl,Als nieuwbakken gouverneur staat Kazuo Ueda voor de heikele opdracht een uitweg te vinden uit het jarenlange stimulusbeleid van de Japanse centrale bank. De 71-jarige economieprofessor is een ervaren pragmaticus.
https://www.tijd.be/opinie/column/out-of-officeterreur/10483793.html,Out-of-officeterreur,2023-07-31T18:25:30+02:00,De Tijd,nl,In deze wereld ben je nooit meer 'out of office' en is voortdurende bereikbaarheid een vorm van terreur geworden. Sociale media zijn de marteltuigen.
https://www.tijd.be/ondernemen/algemeen/modehuis-cardin-riskeert-boete-wegens-concurrentieverstoring/10483788.html,Modehuis Cardin riskeert boete wegens concurrentieverstoring,2023-07-31T17:53:39+02:00,De Tijd,nl,"Het Franse modehuis Cardin en zijn Duitse licentiehouder Ahlers hebben de Europese concurrentieregels geschonden, stelt de Europese Commissie. Bij de verkoop bedienen ze slechts enkele EU-lidstaten en een select aantal klanten."
https://www.tijd.be/markten-live/nieuws/aandelen-buitenlandse-beurzen/olieprijs-stijgt-15-procent-in-juli/10483786.html,Olieprijs stijgt 15 procent in juli,2023-07-31T17:47:34+02:00,De Tijd,nl,Een sterkere vraag en een beperkter aanbod duwen de prijs van het zwarte goud hoger.
https://www.tijd.be/politiek-economie/internationaal/vs/trump-met-hersenen-zoekt-resetknop-in-strijd-om-ticket-voor-presidentsrace/10483782.html,'Trump met hersenen' zoekt resetknop in strijd om ticket voor presidentsrace ,2023-07-31T17:34:58+02:00,De Tijd,nl,Een halfjaar voor de Republikeinen het voorverkiezingenseizoen aftrappen is Ron DeSantis amechtig op zoek naar de code om Donald Trump te kraken. Slaagt de gouverneur van Florida erin zijn ex-mentor te kloppen door te focussen op kleinschaliger events en een stevige economische saus toe te voegen aan zijn antiwokerecept?
https://www.tijd.be/ondernemen/retail/minder-loon-voor-jef-colruyt-na-moeilijk-jaar/10483780.html,Minder loon voor Jef Colruyt na moeilijk jaar,2023-07-31T17:29:18+02:00,De Tijd,nl,In zijn laatste jaar als CEO van de familiale retailgroep heeft Jef Colruyt zijn loon zien dalen. Dat is te verklaren door de dalende winstmarges.
https://www.tijd.be/markten-live/nieuws/aandelen-buitenlandse-beurzen/palantir-krijgt-ai-boost-op-wall-street/10483776.html,Palantir krijgt AI-boost op Wall Street,2023-07-31T17:05:15+02:00,De Tijd,nl,"De Amerikaanse beurzen veerden maandag op. Palantir steeg stevig voor de tweede dag op rij na een ronkend koopadvies van Wedbush. 'Het kan een grote speler in de AI-revolutie worden.'
Het zonnetje scheen op de New Yorkse beurzen, maar wel wat minder hard dan vorige week. De Dow Jonessloot met een plus van 0,3 procent terwijl de techbeurs Nasdaq0,2 procent bijschreef.
Een beperkende factor in het beursoptimisme was Japan. Het land van de rijzende zon zag de tienjaarsrente maandagochtend tot het hoogste niveau - 0,6 procent - in negen jaar klimmen. Daardoor zag deJapanse centrale bank zich genoodzaakt in te grijpen met een verrassingsaankoop van staatsobligaties. De onrust op een grote markt als Japan weegt daarom ook in de VS wat op de risicoappetijt.
Daarnaast blijven de zorgen over de economie. 'De markt vraagt zich af of de Amerikaanse economie een zachte landing zal maken', zegt Vivek Paul van BlackRock. 'De economische cijfers moeten uitwijzen of de snelle daling van de inflatie een bredere trend is of dat die volatiel blijft.'
Het Amerikaanse banenrapport wordt vrijdag gepubliceerd. Dan weten we of de krappe arbeidsmarkt afkoelt. Als dat zo is, is dat gunstig voor de inflatievooruitzichten.
Palantirkreeg voor de tweede dag op rij een AI-impuls van 11 procent. De techonderneming - die zijn naam dankt aan de wonderlijke voorspellingsballen uit de boeken van J.R.R. Tolkien(zie foto)- is stevig in trek nadat Wedbush zijn opvolging begonnen is met een koopadvies en koersdoel van 25 dollar. Reden: de defensiespecialist verandert in een echte AI-speler.
'Palantir is een grote speler in de AI-revolutie van de komende tien jaar', klinkt het bij analist Daniel Ives va Wedbush. Het bedrijf heeft daarnaast 'een stevige slotgracht met AI' zodat het sterk vooroploopt op concurrenten. 'Palantir heeft een unieke kans om een significant marktaandeel te krijgen in een markt van 800 miljard dollar.'
Als u zelf eens wilt zien hoe Palantir bijvoorbeeld op het slagveld het verschil probeert te maken dan moet u de bijgevideo links zien. Daarin is te zien hoe men een melding krijgt van een vijandelijke opmars in Oost-Europa. Vervolgens kan door middel van een chatbot meer informatie ingewonnen worden (door bijvoorbeeld een videodrone te laten opstijgen) en kan zelfs een eliminatiestrategie bedacht worden.
Het AI-optimisme duwde Palantir sinds het rapport van Wedbush al ruim 20 procent hoger tot 19,40 dollar. Sinds begin dit jaar bedraagt de winst liefst 202 procent. Het aandeel is daarmee wel duur, aangezien de koerswinstverhouding - zelfs gerekend met de verwachte winst per aandeel in 2026 (0,40 dollar) - bijna 50 bedraagt. Voor het gemiddelde bedrijf in de S&P500 is dat cijfer 24.
Een ander AI-bedrijf dat een spurtje trok, was Adobemet een koerswinst van 3,3 procent. Morgan Stanley-analist Keith Weiss ziet voor de maker van creatieve software nog eens 25 procent opwaarts potentieel met een koersdoel van 660 dollar. 'Meer duidelijkheid over AI-producten en de manier waarop het daaraan geld aan wil verdienen versterken onze overtuiging dat de organische groei opnieuw een impuls krijgt.'
Volgens Weiss kan de jaarlijkse groei van de winst per aandeel in de komende drie jaar meerdere tientallen procenten bedragen. Sinds het bedrijf eind mei beleggers een glimp liet zien van de AI-toepassingen die het heeft, steeg het aandeel met 30 procent."
https://www.tijd.be/dossiers/de-tijdcapsule/ritchie-topman-jan-verlinden-ik-amuseer-me-rot/10483740.html,Ritchie-topman Jan Verlinden: 'Ik amuseer me rot!',2023-07-31T17:01:12+02:00,De Tijd,nl,"Na een carrire als topmarketeer voor Pepsi en Lucky Strike gooide Jan Verlinden zijn leven in 2016 over een andere boeg. Hij gaf de Ritchie-limonades van zijn grootvader een nieuw leven. Deze week neemt hij plaats in De Tijdcapsule en vertelt hij over zijn verleden, tegenwoordige, toekomstige en oneindige tijd."
https://www.tijd.be/dossiers/de-prullenmand-2023/weg-met-energiedelen/10483767.html,Weg met energiedelen,2023-07-31T16:51:17+02:00,De Tijd,nl,Energiedelen tussen gezinnen is niet de ideale weg voor de energietransitie.
https://www.tijd.be/dossiers/de-verdieping/zelfs-voor-een-dieselgenerator-wil-men-nu-de-stikstofimpact-weten/10483770.html,âZelfs voor Ã©Ã©n dieselgenerator wil men nu de stikstofimpact wetenâ,2023-07-31T16:34:23+02:00,De Tijd,nl,Moeten bedrijven die nog een vergunning in Vlaanderen willen eerst tot in het kleinste detail hun stikstofimpact in kaart brengen? En wie gaat dat doen? Bij de gespecialiseerde studiebureaus stromen de vragen binnen.
https://www.tijd.be/cultuur/podiumkunsten/het-ruwe-verhaal-van-serdi-gepolijst-met-humor-en-beatbox/10483768.html,"Het ruwe verhaal van Serdi, gepolijst met humor en beatbox",2023-07-31T16:23:23+02:00,De Tijd,nl,"Na omzwervingen via jeugdinstellingen, detentie en de straat vond beatboxer Serdi Faki Alici (35) een thuis in het theater. In de monoloog 'Serdi' vertelt hij zijn levensverhaal."
https://www.tijd.be/ondernemen/auto/interparking-ziet-concurrenten-op-spaanse-markt-fuseren/10483766.html,Interparking ziet concurrenten op Spaanse markt fuseren,2023-07-31T16:17:55+02:00,De Tijd,nl,"Terwijl het onduidelijk blijft of Interparking een megafusie kan sluiten met zijn Spaanse sectorgenoot Saba, versterkt concurrent Indigo zich op het Iberisch Schiereiland."
https://www.tijd.be/ondernemen/voeding-drank/duvel-moortgat-maakt-minder-winst/10483758.html,Duvel Moortgat maakt minder winst,2023-07-31T15:35:41+02:00,De Tijd,nl,Nooit boekte Duvel Moortgat meer omzet dan vorig jaar. Maar door de gestegen kosten daalde de winst van de brouwer.
https://www.tijd.be/ondernemen/bouw/vers-belgisch-geld-voor-herbruikbare-wanden-uit-kortrijk/10483757.html,Vers Belgisch geld voor herbruikbare wanden uit Kortrijk,2023-07-31T15:33:48+02:00,De Tijd,nl,De FPIM stapt in de Kortrijkse producent van circulaire wandsystemen JuuNoo. De financile arm van de Wetstraat komt naast de Franse renovatiespecialist Saint-Gobain en de staalgroep ArcelorMittal in het kapitaal.
https://www.tijd.be/ondernemen/transport/tweedehandsmarkt-motoren-en-brommers-ingestort-door-keuringsplicht/10483756.html,Tweedehandsmarkt motoren en brommers ingestort door keuringsplicht,2023-07-31T15:30:05+02:00,De Tijd,nl,"De verplichting om motoren en zware scooters bij doorverkoop te laten keuren heeft meteen een effect op de tweedehandsmarkt. In vergelijking met vorig jaar is die met bijna 27 procent gekrompen, meldt de automobielfederatie Febiac."
https://www.tijd.be/markten-live/nieuws/aandelen-buitenlandse-beurzen/uber-alleen-aan-de-top/10483755.html,Uber alleen aan de top,2023-07-31T15:25:24+02:00,De Tijd,nl,Alleen aan de top verdien je goed geld met mensen en maaltijden te vervoeren. Dat bewijst Uber Technologies.
